Workbook

Sheet Sheet1
A1: Date | B1: Members | C1: Premiums Collected | D1: Claims Incurred | E1: Administrative Expenses
A2: 36526 | B2: 2147 | C2: =B2*RANDBETWEEN(400,500)/30 -> 30773.667 | D2: =C2*RANDBETWEEN(85,95)/100 -> 28004.037 | E2: =C2*RANDBETWEEN(5,10)/100 -> 3077.3667
A3: =A2+1 -> 36527 | B3: =ROUND(B2*(1+RANDBETWEEN(1,5)/10000),0) -> 2147 | C3: =(C2/B2)*(1+RANDBETWEEN(1,3)/100/360)*B3 -> 30775.376 | D3: =C3*RANDBETWEEN(85,95)/100 -> 27082.331 | E3: =C3*RANDBETWEEN(5,10)/100 -> 2154.2763
A4: =A3+1 -> 36528 | B4: =ROUND(B3*(1+RANDBETWEEN(1,5)/10000),0) -> 2147 | C4: =(C3/B3)*(1+RANDBETWEEN(1,3)/100/360)*B4 -> 30777.941 | D4: =C4*RANDBETWEEN(85,95)/100 -> 28931.264 | E4: =C4*RANDBETWEEN(5,10)/100 -> 1538.897
A5: =A4+1 -> 36529 | B5: =ROUND(B4*(1+RANDBETWEEN(1,5)/10000),0) -> 2147 | C5: =(C4/B4)*(1+RANDBETWEEN(1,3)/100/360)*B5 -> 30780.506 | D5: =C5*RANDBETWEEN(85,95)/100 -> 27394.65 | E5: =C5*RANDBETWEEN(5,10)/100 -> 1846.8303
A6: =A5+1 -> 36530 | B6: =ROUND(B5*(1+RANDBETWEEN(1,5)/10000),0) -> 2148 | C6: =(C5/B5)*(1+RANDBETWEEN(1,3)/100/360)*B6 -> 30796.553 | D6: =C6*RANDBETWEEN(85,95)/100 -> 27100.967 | E6: =C6*RANDBETWEEN(5,10)/100 -> 3079.6553
A7: =A6+1 -> 36531 | B7: =ROUND(B6*(1+RANDBETWEEN(1,5)/10000),0) -> 2149 | C7: =(C6/B6)*(1+RANDBETWEEN(1,3)/100/360)*B7 -> 30811.746 | D7: =C7*RANDBETWEEN(85,95)/100 -> 28038.689 | E7: =C7*RANDBETWEEN(5,10)/100 -> 1540.5873
A8: =A7+1 -> 36532 | B8: =ROUND(B7*(1+RANDBETWEEN(1,5)/10000),0) -> 2149 | C8: =(C7/B7)*(1+RANDBETWEEN(1,3)/100/360)*B8 -> 30814.314 | D8: =C8*RANDBETWEEN(85,95)/100 -> 28041.026 | E8: =C8*RANDBETWEEN(5,10)/100 -> 3081.4314
A9: =A8+1 -> 36533 | B9: =ROUND(B8*(1+RANDBETWEEN(1,5)/10000),0) -> 2149 | C9: =(C8/B8)*(1+RANDBETWEEN(1,3)/100/360)*B9 -> 30816.882 | D9: =C9*RANDBETWEEN(85,95)/100 -> 26810.687 | E9: =C9*RANDBETWEEN(5,10)/100 -> 1849.0129
A10: =A9+1 -> 36534 | B10: =ROUND(B9*(1+RANDBETWEEN(1,5)/10000),0) -> 2150 | C10: =(C9/B9)*(1+RANDBETWEEN(1,3)/100/360)*B10 -> 30832.078 | D10: =C10*RANDBETWEEN(85,95)/100 -> 28365.512 | E10: =C10*RANDBETWEEN(5,10)/100 -> 3083.2078
A11: =A10+1 -> 36535 | B11: =ROUND(B10*(1+RANDBETWEEN(1,5)/10000),0) -> 2151 | C11: =(C10/B10)*(1+RANDBETWEEN(1,3)/100/360)*B11 -> 30848.989 | D11: =C11*RANDBETWEEN(85,95)/100 -> 28998.05 | E11: =C11*RANDBETWEEN(5,10)/100 -> 3084.8989
A12: =A11+1 -> 36536 | B12: =ROUND(B11*(1+RANDBETWEEN(1,5)/10000),0) -> 2151 | C12: =(C11/B11)*(1+RANDBETWEEN(1,3)/100/360)*B12 -> 30850.703 | D12: =C12*RANDBETWEEN(85,95)/100 -> 26223.098 | E12: =C12*RANDBETWEEN(5,10)/100 -> 3085.0703
A13: =A12+1 -> 36537 | B13: =ROUND(B12*(1+RANDBETWEEN(1,5)/10000),0) -> 2152 | C13: =(C12/B12)*(1+RANDBETWEEN(1,3)/100/360)*B13 -> 30866.76 | D13: =C13*RANDBETWEEN(85,95)/100 -> 26854.082 | E13: =C13*RANDBETWEEN(5,10)/100 -> 1543.338
A14: =A13+1 -> 36538 | B14: =ROUND(B13*(1+RANDBETWEEN(1,5)/10000),0) -> 2153 | C14: =(C13/B13)*(1+RANDBETWEEN(1,3)/100/360)*B14 -> 30881.961 | D14: =C14*RANDBETWEEN(85,95)/100 -> 27176.126 | E14: =C14*RANDBETWEEN(5,10)/100 -> 3088.1961
... A9498: =A9497+1 -> 46022 | B9498: =ROUND(B9497*(1+RANDBETWEEN(1,5)/10000),0) -> 35220 | C9498: =(C9497/B9497)*(1+RANDBETWEEN(1,3)/100/360)*B9498 -> 856402.4 | D9498: =C9498*RANDBETWEEN(85,95)/100 -> 753634.11 | E9498: =C9498*RANDBETWEEN(5,10)/100 -> 85640.24

Sheet Project Intro
A1: INSURANCE CORP FINANCIALS PROJECT: GRAPHING
B2: Throughout this project, we will use the results we developed in the Section B Project to create visuals from our data tables. Use the "Historical Source Data" and "Projected vs. Actual" tabs as directed for each Task/Graph type.
B3: For all tasks, remember to include "basics" such as an appropriate title, axis labels, legends, etc. but otherwise create graphs that suit your personal aesthetic preferences.
B4: Task 1: Bar Graphs
B5: *Use the "Lookup Tool" to pull in the results for Premiums and Claims from the "Historical Source Data" tab for 202X12 for the last 5 years (2021-2025). The Index formula is prepopulated to bring this information in.
B6: *Construct a Bar Graph comparing Premiums & Claims over time for each of these months.
B7: Task 2: Pie Charts
B8: *Compare the proportions of Claims, Expenses, and Profits on a percentage basis between 202112 and 202612 actual results with two separate Pie Charts.
B9: *You will need to pull in this data from the "Historical Source Data" and "Projected vs. Actual" tabs as appropriate. The percentage formulas are prepopulated below once this information is brought over.
B10: Task 3: Line & Scatter
B11: *Use the "Lookup Tool" to pull in the results for Prem/Mem and Claims/Mem from the "Historical Source Data" tab for 20XX12 for the last 10 years (2016-2025). The Index formula is prepopulated to bring this information in.
B12: *Use both a Line Graph and a Scatter Plot to illustrate each data set over time. Design each graph to have appropriate & matching vertical axes.
B13: *Add linear trendlines for both data sets on both graphs, and include both best-fit equations and r-squared values on each graph. Confirm that all results are similar for both graphs; reflect on which option might be preferable and why.
... B19: *Build a Combination Chart that shows both the Expense amounts and the Loss Ratios for each month.
A20: CONGRATULATIONS! SUCCESSFUL COMPLETION OF THIS PROJECT INDICATES YOU POSSESS FUNDAMENTAL ABILITIES EXPECTED OF AN ACTUARIAL ANALYST!

Sheet Historical Source Data
A1: SUMMARY | B1: AVERAGE | C1: TOTALS BY CATEGORY | G1: PER MEMBER | L1: LOOKUP TOOL
A2: YYYYMM | B2: Members | C2: Premiums | D2: Claims | E2: Expenses | F2: Profits | G2: Prem/Mem | H2: Claims/Mem | I2: Exp/Mem | J2: Profits/Mem | L2: YYYYMM | M2: Members | N2: Prem/Mem | O2: Claims/Mem | P2: Exp/Mem
A3: 200001 | B3: 2154.0968 | C3: 966792.45 | D3: 863873.17 | E3: 72985.325 | F3: 29933.956 | G3: 448.8157 | H3: 401.03731 | I3: 33.882101 | J3: 13.896291 | L3: 202501 | M3: =INDEX($B$3:$J$314,MATCH($L3,$A$3:$A$314,0),MATCH(M$2,$B$2:$J$2,0)) -> 32152.032 | N3: =INDEX($B$3:$J$314,MATCH($L3,$A$3:$A$314,0),MATCH(N$2,$B$2:$J$2,0)) -> 748.12643 | O3: =INDEX($B$3:$J$314,MATCH($L3,$A$3:$A$314,0),MATCH(O$2,$B$2:$J$2,0)) -> 668.48094 | P3: =INDEX($B$3:$J$314,MATCH($L3,$A$3:$A$314,0),MATCH(P$2,$B$2:$J$2,0)) -> 56.237857
A4: 200002 | B4: 2171.4483 | C4: 913328.62 | D4: 814119.13 | E4: 62677.37 | F4: 36532.124 | G4: 420.60805 | H4: 374.91988 | I4: 28.864316 | J4: 16.823852 | L4: 202502 | M4: =INDEX($B$3:$J$314,MATCH($L4,$A$3:$A$314,0),MATCH(M$2,$B$2:$J$2,0)) -> 32444.821 | N4: =INDEX($B$3:$J$314,MATCH($L4,$A$3:$A$314,0),MATCH(N$2,$B$2:$J$2,0)) -> 676.7742 | O4: =INDEX($B$3:$J$314,MATCH($L4,$A$3:$A$314,0),MATCH(O$2,$B$2:$J$2,0)) -> 609.79876 | P4: =INDEX($B$3:$J$314,MATCH($L4,$A$3:$A$314,0),MATCH(P$2,$B$2:$J$2,0)) -> 53.906348
A5: 200003 | B5: 2187.7742 | C5: 985298.95 | D5: 881036.07 | E5: 76594.593 | F5: 27668.288 | G5: 450.36592 | H5: 402.70887 | I5: 35.010283 | J5: 12.646775 | L5: 202503 | M5: =INDEX($B$3:$J$314,MATCH($L5,$A$3:$A$314,0),MATCH(M$2,$B$2:$J$2,0)) -> 32733.226 | N5: =INDEX($B$3:$J$314,MATCH($L5,$A$3:$A$314,0),MATCH(N$2,$B$2:$J$2,0)) -> 750.61625 | O5: =INDEX($B$3:$J$314,MATCH($L5,$A$3:$A$314,0),MATCH(O$2,$B$2:$J$2,0)) -> 674.35058 | P5: =INDEX($B$3:$J$314,MATCH($L5,$A$3:$A$314,0),MATCH(P$2,$B$2:$J$2,0)) -> 54.960084
A6: 200004 | B6: 2202.5333 | C6: 961495.21 | D6: 868864.78 | E6: 70190.545 | F6: 22439.88 | G6: 436.54059 | H6: 394.48428 | I6: 31.868097 | J6: 10.188214 | L6: 202504 | M6: =INDEX($B$3:$J$314,MATCH($L6,$A$3:$A$314,0),MATCH(M$2,$B$2:$J$2,0)) -> 33052.833 | N6: =INDEX($B$3:$J$314,MATCH($L6,$A$3:$A$314,0),MATCH(N$2,$B$2:$J$2,0)) -> 727.65596 | O6: =INDEX($B$3:$J$314,MATCH($L6,$A$3:$A$314,0),MATCH(O$2,$B$2:$J$2,0)) -> 655.36587 | P6: =INDEX($B$3:$J$314,MATCH($L6,$A$3:$A$314,0),MATCH(P$2,$B$2:$J$2,0)) -> 50.210799
A7: 200005 | B7: 2219.6774 | C7: 1003032.5 | D7: 899490.79 | E7: 77991.804 | F7: 25549.9 | G7: 451.8821 | H7: 405.23491 | I7: 35.136549 | J7: 11.510637 | L7: 202505 | M7: =INDEX($B$3:$J$314,MATCH($L7,$A$3:$A$314,0),MATCH(M$2,$B$2:$J$2,0)) -> 33388.355 | N7: =INDEX($B$3:$J$314,MATCH($L7,$A$3:$A$314,0),MATCH(N$2,$B$2:$J$2,0)) -> 753.22084 | O7: =INDEX($B$3:$J$314,MATCH($L7,$A$3:$A$314,0),MATCH(O$2,$B$2:$J$2,0)) -> 678.6155 | P7: =INDEX($B$3:$J$314,MATCH($L7,$A$3:$A$314,0),MATCH(P$2,$B$2:$J$2,0)) -> 57.348882
A8: 200006 | B8: 2236.7 | C8: 979848.59 | D8: 871764.51 | E8: 72840.676 | F8: 35243.406 | G8: 438.07779 | H8: 389.75478 | I8: 32.566136 | J8: 15.756877 | L8: 202506 | M8: =INDEX($B$3:$J$314,MATCH($L8,$A$3:$A$314,0),MATCH(M$2,$B$2:$J$2,0)) -> 33714.6 | N8: =INDEX($B$3:$J$314,MATCH($L8,$A$3:$A$314,0),MATCH(N$2,$B$2:$J$2,0)) -> 730.27891 | O8: =INDEX($B$3:$J$314,MATCH($L8,$A$3:$A$314,0),MATCH(O$2,$B$2:$J$2,0)) -> 660.92197 | P8: =INDEX($B$3:$J$314,MATCH($L8,$A$3:$A$314,0),MATCH(P$2,$B$2:$J$2,0)) -> 54.292995
A9: 200007 | B9: 2252.4839 | C9: 1021488.9 | D9: 920978.64 | E9: 80072.514 | F9: 20437.765 | G9: 453.49444 | H9: 408.87247 | I9: 35.548541 | J9: 9.0734346 | L9: 202507 | M9: =INDEX($B$3:$J$314,MATCH($L9,$A$3:$A$314,0),MATCH(M$2,$B$2:$J$2,0)) -> 34034.194 | N9: =INDEX($B$3:$J$314,MATCH($L9,$A$3:$A$314,0),MATCH(N$2,$B$2:$J$2,0)) -> 755.93665 | O9: =INDEX($B$3:$J$314,MATCH($L9,$A$3:$A$314,0),MATCH(O$2,$B$2:$J$2,0)) -> 678.65237 | P9: =INDEX($B$3:$J$314,MATCH($L9,$A$3:$A$314,0),MATCH(P$2,$B$2:$J$2,0)) -> 60.716496
A10: 200008 | B10: 2271.5484 | C10: 1031865.8 | D10: 924358.23 | E10: 74897.302 | F10: 32610.254 | G10: 454.25657 | H10: 406.9287 | I10: 32.971916 | J10: 14.355958 | L10: 202508 | M10: =INDEX($B$3:$J$314,MATCH($L10,$A$3:$A$314,0),MATCH(M$2,$B$2:$J$2,0)) -> 34349.484 | N10: =INDEX($B$3:$J$314,MATCH($L10,$A$3:$A$314,0),MATCH(N$2,$B$2:$J$2,0)) -> 757.2498 | O10: =INDEX($B$3:$J$314,MATCH($L10,$A$3:$A$314,0),MATCH(O$2,$B$2:$J$2,0)) -> 685.17992 | P10: =INDEX($B$3:$J$314,MATCH($L10,$A$3:$A$314,0),MATCH(P$2,$B$2:$J$2,0)) -> 55.20706
A11: 200009 | B11: 2288.5333 | C11: 1007588.7 | D11: 910193.83 | E11: 72543.283 | F11: 24851.555 | G11: 440.27703 | H11: 397.71928 | I11: 31.698591 | J11: 10.859163 | L11: 202509 | M11: =INDEX($B$3:$J$314,MATCH($L11,$A$3:$A$314,0),MATCH(M$2,$B$2:$J$2,0)) -> 34632.2 | N11: =INDEX($B$3:$J$314,MATCH($L11,$A$3:$A$314,0),MATCH(N$2,$B$2:$J$2,0)) -> 734.04571 | O11: =INDEX($B$3:$J$314,MATCH($L11,$A$3:$A$314,0),MATCH(O$2,$B$2:$J$2,0)) -> 655.73861 | P11: =INDEX($B$3:$J$314,MATCH($L11,$A$3:$A$314,0),MATCH(P$2,$B$2:$J$2,0)) -> 53.100758
A12: 200010 | B12: 2306.4516 | C12: 1051128.2 | D12: 953790.3 | E12: 77314.547 | F12: 20023.402 | G12: 455.73393 | H12: 413.53146 | I12: 33.520993 | J12: 8.6814751 | L12: 202510 | M12: =INDEX($B$3:$J$314,MATCH($L12,$A$3:$A$314,0),MATCH(M$2,$B$2:$J$2,0)) -> 34907.419 | N12: =INDEX($B$3:$J$314,MATCH($L12,$A$3:$A$314,0),MATCH(N$2,$B$2:$J$2,0)) -> 759.84548 | O12: =INDEX($B$3:$J$314,MATCH($L12,$A$3:$A$314,0),MATCH(O$2,$B$2:$J$2,0)) -> 681.63368 | P12: =INDEX($B$3:$J$314,MATCH($L12,$A$3:$A$314,0),MATCH(P$2,$B$2:$J$2,0)) -> 58.822132
A13: 200011 | B13: 2327.4667 | C13: 1028216.4 | D13: 920585.71 | E13: 74710.187 | F13: 32920.509 | G13: 441.77492 | H13: 395.53121 | I13: 32.099359 | J13: 14.144353 | L13: 202511 | M13: =INDEX($B$3:$J$314,MATCH($L13,$A$3:$A$314,0),MATCH(M$2,$B$2:$J$2,0)) -> 35216.433 | N13: =INDEX($B$3:$J$314,MATCH($L13,$A$3:$A$314,0),MATCH(N$2,$B$2:$J$2,0)) -> 736.57294 | O13: =INDEX($B$3:$J$314,MATCH($L13,$A$3:$A$314,0),MATCH(O$2,$B$2:$J$2,0)) -> 670.05348 | P13: =INDEX($B$3:$J$314,MATCH($L13,$A$3:$A$314,0),MATCH(P$2,$B$2:$J$2,0)) -> 55.978167
A14: 200012 | B14: 2344.0968 | C14: 1071719.2 | D14: 969732.79 | E14: 79166.029 | F14: 22820.352 | G14: 457.1992 | H14: 413.69145 | I14: 33.772509 | J14: 9.7352432 | L14: 202512 | M14: =INDEX($B$3:$J$314,MATCH($L14,$A$3:$A$314,0),MATCH(M$2,$B$2:$J$2,0)) -> 35552.613 | N14: =INDEX($B$3:$J$314,MATCH($L14,$A$3:$A$314,0),MATCH(N$2,$B$2:$J$2,0)) -> 762.3518 | O14: =INDEX($B$3:$J$314,MATCH($L14,$A$3:$A$314,0),MATCH(O$2,$B$2:$J$2,0)) -> 685.61824 | P14: =INDEX($B$3:$J$314,MATCH($L14,$A$3:$A$314,0),MATCH(P$2,$B$2:$J$2,0)) -> 54.109253
A15: 200101 | B15: 2361.9032 | C15: 1081894.1 | D15: 964986.95 | E15: 84801.41 | F15: 32105.723 | G15: 458.06029 | H15: 408.56329 | I15: 35.903846 | J15: 13.593158
A16: 200102 | B16: 2379.1071 | C16: 986042.88 | D16: 894814.57 | E16: 73971.591 | F16: 17256.72 | G16: 414.45922 | H16: 376.11361 | I16: 31.092165 | J16: 7.2534436
A17: 200103 | B17: 2396.9677 | C17: 1101633.1 | D17: 996465.83 | E17: 84580.912 | F17: 20586.354 | G17: 459.59446 | H17: 415.71933 | I17: 35.286629 | J17: 8.5884988
A18: 200104 | B18: 2416.6 | C18: 1076555.8 | D18: 962106.05 | E18: 88284.888 | F18: 26164.904 | G18: 445.48367 | H18: 398.12383 | I18: 36.532686 | J18: 10.827155
A19: 200105 | B19: 2435.4516 | C19: 1122838.8 | D19: 1001868.5 | E19: 83678.498 | F19: 37291.781 | G19: 461.03926 | H19: 411.36869 | I19: 34.358514 | J19: 15.31206
A20: 200106 | B20: 2453.3 | C20: 1096421.2 | D20: 993718.13 | E20: 84419.542 | F20: 18283.565 | G20: 446.9169 | H20: 405.05365 | I20: 34.410607 | J20: 7.4526415
A21: 200107 | B21: 2472.0323 | C21: 1143612.2 | D21: 1021829.6 | E21: 91486.414 | F21: 30296.127 | G21: 462.62025 | H21: 413.35611 | I21: 37.008584 | J21: 12.255555
A22: 200108 | B22: 2495.3548 | C22: 1156417.4 | D22: 1033290.5 | E22: 91005.478 | F22: 32121.479 | G22: 463.42805 | H22: 414.08558 | I22: 36.469955 | J22: 12.87251
A23: 200109 | B23: 2521.2333 | C23: 1132569.3 | D23: 1025701 | E23: 80396.818 | F23: 26471.505 | G23: 449.21241 | H23: 406.82509 | I23: 31.887893 | J23: 10.499427
A24: 200110 | B24: 2544.9677 | C24: 1183158.3 | D24: 1068266.8 | E24: 87786.091 | F24: 27105.36 | G24: 464.90109 | H24: 419.75653 | I24: 34.49399 | J24: 10.650571
A25: 200111 | B25: 2570.7333 | C25: 1158352.1 | D25: 1064138.8 | E25: 81490.865 | F25: 12722.497 | G25: 450.5921 | H25: 413.94367 | I25: 31.699463 | J25: 4.9489758
A26: 200112 | B26: 2593.2903 | C26: 1209582.9 | D26: 1093686.5 | E26: 89345.823 | F26: 26550.632 | G26: 466.4279 | H26: 421.737 | I26: 34.452688 | J26: 10.238203
... A314: 202512 | B314: 35552.613 | C314: 27103598 | D314: 24375520 | E314: 1923725.3 | F314: 804353.07 | G314: 762.3518 | H314: 685.61824 | I314: 54.109253 | J314: 22.624303

Sheet Projected vs. Actual
B1: PROJECTION RESULTS: AGGREGATE BASIS | G1: ACTUAL RESULTS: AGGREGATE BASIS | L1: % DIFFERENTIAL: PROJECTED VS. ACTUAL
A2: YYYYMM | B2: Members | C2: Premiums | D2: Claims | E2: Expenses | F2: Profits | G2: Members | H2: Premiums | I2: Claims | J2: Expenses | K2: Profits | L2: Members | M2: Premiums | N2: Claims | O2: Expenses
A3: 202601 | B3: 32473.553 | C3: 25023153 | D3: 21707951 | E3: 1881030.3 | F3: 1434171.7 | G3: 31178.239 | H3: 25953471 | I3: 21204923 | J3: 1844995.4 | K3: 2903553 | L3: 0.039888248 | M3: 0.037178294 | N3: 0.023172537 | O3: 0.019156987
A4: 202602 | B4: 32769.27 | C4: 22842718 | D4: 20582140 | E4: 1766471.7 | F4: 494106.44 | G4: 32491.007 | H4: 26226665 | I4: 23213810 | J4: 1938254.7 | K4: 1074600.8 | L4: 0.0084915599 | M4: 0.14814119 | N4: 0.12786183 | O4: 0.097246418
A5: 202603 | B5: 33060.558 | C5: 24815792 | D5: 22963239 | E5: 1835181.2 | F5: 17372.237 | G5: 34155.898 | H5: 25995101 | I5: 23004551 | J5: 1827881.9 | K5: 1162667.9 | L5: 0.033131322 | M5: 0.047522499 | N5: 0.001799053 | O5: 0.003977427
A6: 202604 | B6: 33383.362 | C6: 25506182 | D6: 21878316 | E6: 1726491.4 | F6: 1901374.9 | G6: 32497.845 | H6: 26008110 | I6: 21646692 | J6: 1903258.4 | K6: 2458159.7 | L6: 0.026525696 | M6: 0.01967867 | N6: 0.010586926 | O6: 0.10238512
A7: 202605 | B7: 33722.238 | C7: 26670307 | D7: 23570967 | E7: 1933932.7 | F7: 1165408.1 | G7: 33167.903 | H7: 24985582 | I7: 23478871 | J7: 1903643 | K7: -396932.35 | L7: 0.016438261 | M7: 0.063168575 | N7: 0.0039071436 | O7: 0.015662215
A8: 202606 | B8: 34051.746 | C8: 24867272 | D8: 23180714 | E8: 1885746.7 | F8: -199188.46 | G8: 33502.933 | H8: 25237962 | I8: 23018501 | J8: 1999786.6 | K8: 219673.71 | L8: 0.016117037 | M8: 0.014906737 | N8: 0.0069977225 | O8: 0.060474665
A9: 202607 | B9: 34374.535 | C9: 27284220 | D9: 23328360 | E9: 2149714.4 | F9: 1806145.6 | G9: 33147.391 | H9: 26278702 | I9: 24188027 | J9: 1903258.4 | K9: 187416.68 | L9: 0.035699219 | M9: 0.036853441 | N9: 0.036850747 | O9: 0.11464591
A10: 202608 | B10: 34692.979 | C10: 27322101 | D10: 24484060 | E10: 1915297.3 | F10: 922743.73 | G10: 34870.399 | H10: 25211943 | I10: 24427513 | J10: 1980942.5 | K10: -1196512 | L10: 0.0051140226 | M10: 0.077232643 | N10: 0.002309564 | O10: 0.034274107
A11: 202609 | B11: 34978.522 | C11: 25675834 | D11: 23624870 | E11: 1913107.6 | F11: 137856.11 | G11: 33451.653 | H11: 26263091 | I11: 23948542 | J11: 1980557.9 | K11: 333991.55 | L11: 0.043651623 | M11: 0.022871979 | N11: 0.013700453 | O11: 0.035256918
A12: 202610 | B12: 35256.494 | C12: 27593172 | D12: 24032013 | E12: 2094600.8 | F12: 1466557.6 | G12: 35909.674 | H12: 27329851 | I12: 24906484 | J12: 2079778.1 | K12: 343588.9 | L12: 0.01852653 | M12: 0.0095429864 | N12: 0.036387719 | O12: 0.0070766203
A13: 202611 | B13: 35568.598 | C13: 27246821 | D13: 24547848 | E13: 1991064.9 | F13: 707908.02 | G13: 36613.919 | H13: 28685415 | I13: 23437020 | J13: 1958444.9 | K13: 3289950.8 | L13: 0.029388892 | M13: 0.052798597 | N13: 0.045251574 | O13: 0.016383219
A14: 202612 | B14: 35908.139 | C14: 27374634 | D14: 25111661 | E14: 1981821.8 | F14: 281151.85 | G14: 35513.109 | H14: 28682813 | I14: 25385454 | J14: 2099391.4 | K14: 1197967.7 | L14: 0.011001136 | M14: 0.047788005 | N14: 0.010903054 | O14: 0.059323965
A15: Totals | C15: 3.1222221e+08 | D15: 2.7901214e+08 | E15: 23074461 | F15: 10135608 | H15: 3.1685871e+08 | I15: 2.8186039e+08 | J15: 23420193 | K15: 11578126 | M15: 0.01485 | N15: 0.010208333 | O15: 0.014983333

Sheet Task 1 - Bar Graphs
A1: December Premiums & Claims Last 5 Years
A2: YYYYMM | B2: Premiums | C2: Claims
A3: 202112 | B3: =INDEX('Historical Source Data'!$B$3:$J$314,MATCH($A3,'Historical Source Data'!$A$3:$A$314,0),MATCH(B$2,'Historical Source Data'!$B$2:$J$2,0)) -> 16150378 | C3: =INDEX('Historical Source Data'!$B$3:$J$314,MATCH($A3,'Historical Source Data'!$A$3:$A$314,0),MATCH(C$2,'Historical Source Data'!$B$2:$J$2,0)) -> 14394526
A4: 202212 | B4: =INDEX('Historical Source Data'!$B$3:$J$314,MATCH($A4,'Historical Source Data'!$A$3:$A$314,0),MATCH(B$2,'Historical Source Data'!$B$2:$J$2,0)) -> 18391431 | C4: =INDEX('Historical Source Data'!$B$3:$J$314,MATCH($A4,'Historical Source Data'!$A$3:$A$314,0),MATCH(C$2,'Historical Source Data'!$B$2:$J$2,0)) -> 16368610
A5: 202312 | B5: =INDEX('Historical Source Data'!$B$3:$J$314,MATCH($A5,'Historical Source Data'!$A$3:$A$314,0),MATCH(B$2,'Historical Source Data'!$B$2:$J$2,0)) -> 20924851 | C5: =INDEX('Historical Source Data'!$B$3:$J$314,MATCH($A5,'Historical Source Data'!$A$3:$A$314,0),MATCH(C$2,'Historical Source Data'!$B$2:$J$2,0)) -> 18852563
A6: 202412 | B6: =INDEX('Historical Source Data'!$B$3:$J$314,MATCH($A6,'Historical Source Data'!$A$3:$A$314,0),MATCH(B$2,'Historical Source Data'!$B$2:$J$2,0)) -> 23791053 | C6: =INDEX('Historical Source Data'!$B$3:$J$314,MATCH($A6,'Historical Source Data'!$A$3:$A$314,0),MATCH(C$2,'Historical Source Data'!$B$2:$J$2,0)) -> 21588225
A7: 202512 | B7: =INDEX('Historical Source Data'!$B$3:$J$314,MATCH($A7,'Historical Source Data'!$A$3:$A$314,0),MATCH(B$2,'Historical Source Data'!$B$2:$J$2,0)) -> 27103598 | C7: =INDEX('Historical Source Data'!$B$3:$J$314,MATCH($A7,'Historical Source Data'!$A$3:$A$314,0),MATCH(C$2,'Historical Source Data'!$B$2:$J$2,0)) -> 24375520

Sheet Task 2 - Pie Charts
A1: 202112 vs. 202612 Financial Results (Aggregate)
A2: YYYYMM | B2: Premiums | C2: Claims | D2: Expenses | E2: Profits
A3: 202112 | B3: =VLOOKUP($A3, 'Historical Source Data'!$A$3:$F$314, B$5, 0) -> 16150378 | C3: =VLOOKUP($A3, 'Historical Source Data'!$A$3:$F$314, C$5, 0) -> 14394526 | D3: =VLOOKUP($A3, 'Historical Source Data'!$A$3:$F$314, D$5, 0) -> 1224471.9 | E3: =VLOOKUP($A3, 'Historical Source Data'!$A$3:$F$314, E$5, 0) -> 531380.46
A4: 202612 | B4: =VLOOKUP($A$4, 'Projected vs. Actual'!$A$3:$K$14, F$5, 0) -> 28682813 | C4: =VLOOKUP($A$4, 'Projected vs. Actual'!$A$3:$K$14, G$5, 0) -> 25385454 | D4: =VLOOKUP($A$4, 'Projected vs. Actual'!$A$3:$K$14, H$5, 0) -> 2099391.4 | E4: =VLOOKUP($A$4, 'Projected vs. Actual'!$A$3:$K$14, I$5, 0) -> 1197967.7
A5: For VLOOKUP | B5: 3 | C5: 4 | D5: 5 | E5: 6 | F5: 8 | G5: 9 | H5: 10 | I5: 11
A6: 202112 vs. 202612 Financial Results (Percentages)
A7: YYYYMM | B7: Premiums | C7: Claims | D7: Expenses | E7: Profits
A8: 202112 | B8: =B3/$B3 -> 1 | C8: =C3/$B3 -> 0.89128104 | D8: =D3/$B3 -> 0.075816915 | E8: =E3/$B3 -> 0.032902044
A9: 202612 | B9: =B4/$B4 -> 1 | C9: =C4/$B4 -> 0.8850406 | D9: =D4/$B4 -> 0.073193355 | E9: =E4/$B4 -> 0.041766045

Sheet Task 3 - Line & Scatter
A1: Dec. Premiums & Claims Per Member Last 10 Years
A2: YYYYMM | B2: Prem/Mem | C2: Claims/Mem
A3: 201612 | B3: =INDEX('Historical Source Data'!$B$3:$J$314,MATCH($A3,'Historical Source Data'!$A$3:$A$314,0),MATCH(B$2,'Historical Source Data'!$B$2:$J$2,0)) -> 634.28957 | C3: =INDEX('Historical Source Data'!$B$3:$J$314,MATCH($A3,'Historical Source Data'!$A$3:$A$314,0),MATCH(C$2,'Historical Source Data'!$B$2:$J$2,0)) -> 571.06473
A4: 201712 | B4: =INDEX('Historical Source Data'!$B$3:$J$314,MATCH($A4,'Historical Source Data'!$A$3:$A$314,0),MATCH(B$2,'Historical Source Data'!$B$2:$J$2,0)) -> 647.35424 | C4: =INDEX('Historical Source Data'!$B$3:$J$314,MATCH($A4,'Historical Source Data'!$A$3:$A$314,0),MATCH(C$2,'Historical Source Data'!$B$2:$J$2,0)) -> 582.62425
A5: 201812 | B5: =INDEX('Historical Source Data'!$B$3:$J$314,MATCH($A5,'Historical Source Data'!$A$3:$A$314,0),MATCH(B$2,'Historical Source Data'!$B$2:$J$2,0)) -> 660.51708 | C5: =INDEX('Historical Source Data'!$B$3:$J$314,MATCH($A5,'Historical Source Data'!$A$3:$A$314,0),MATCH(C$2,'Historical Source Data'!$B$2:$J$2,0)) -> 594.01642
A6: 201912 | B6: =INDEX('Historical Source Data'!$B$3:$J$314,MATCH($A6,'Historical Source Data'!$A$3:$A$314,0),MATCH(B$2,'Historical Source Data'!$B$2:$J$2,0)) -> 674.12876 | C6: =INDEX('Historical Source Data'!$B$3:$J$314,MATCH($A6,'Historical Source Data'!$A$3:$A$314,0),MATCH(C$2,'Historical Source Data'!$B$2:$J$2,0)) -> 608.68272
A7: 202012 | B7: =INDEX('Historical Source Data'!$B$3:$J$314,MATCH($A7,'Historical Source Data'!$A$3:$A$314,0),MATCH(B$2,'Historical Source Data'!$B$2:$J$2,0)) -> 688.06982 | C7: =INDEX('Historical Source Data'!$B$3:$J$314,MATCH($A7,'Historical Source Data'!$A$3:$A$314,0),MATCH(C$2,'Historical Source Data'!$B$2:$J$2,0)) -> 613.95515
A8: 202112 | B8: =INDEX('Historical Source Data'!$B$3:$J$314,MATCH($A8,'Historical Source Data'!$A$3:$A$314,0),MATCH(B$2,'Historical Source Data'!$B$2:$J$2,0)) -> 702.24355 | C8: =INDEX('Historical Source Data'!$B$3:$J$314,MATCH($A8,'Historical Source Data'!$A$3:$A$314,0),MATCH(C$2,'Historical Source Data'!$B$2:$J$2,0)) -> 625.89637
A9: 202212 | B9: =INDEX('Historical Source Data'!$B$3:$J$314,MATCH($A9,'Historical Source Data'!$A$3:$A$314,0),MATCH(B$2,'Historical Source Data'!$B$2:$J$2,0)) -> 716.73903 | C9: =INDEX('Historical Source Data'!$B$3:$J$314,MATCH($A9,'Historical Source Data'!$A$3:$A$314,0),MATCH(C$2,'Historical Source Data'!$B$2:$J$2,0)) -> 637.90696
A10: 202312 | B10: =INDEX('Historical Source Data'!$B$3:$J$314,MATCH($A10,'Historical Source Data'!$A$3:$A$314,0),MATCH(B$2,'Historical Source Data'!$B$2:$J$2,0)) -> 731.72977 | C10: =INDEX('Historical Source Data'!$B$3:$J$314,MATCH($A10,'Historical Source Data'!$A$3:$A$314,0),MATCH(C$2,'Historical Source Data'!$B$2:$J$2,0)) -> 659.26305
A11: 202412 | B11: =INDEX('Historical Source Data'!$B$3:$J$314,MATCH($A11,'Historical Source Data'!$A$3:$A$314,0),MATCH(B$2,'Historical Source Data'!$B$2:$J$2,0)) -> 746.73738 | C11: =INDEX('Historical Source Data'!$B$3:$J$314,MATCH($A11,'Historical Source Data'!$A$3:$A$314,0),MATCH(C$2,'Historical Source Data'!$B$2:$J$2,0)) -> 677.59651
A12: 202512 | B12: =INDEX('Historical Source Data'!$B$3:$J$314,MATCH($A12,'Historical Source Data'!$A$3:$A$314,0),MATCH(B$2,'Historical Source Data'!$B$2:$J$2,0)) -> 762.3518 | C12: =INDEX('Historical Source Data'!$B$3:$J$314,MATCH($A12,'Historical Source Data'!$A$3:$A$314,0),MATCH(C$2,'Historical Source Data'!$B$2:$J$2,0)) -> 685.61824

Sheet Task 4 - Histograms
A1: 2026 Profits by Month
A2: YYYYMM | B2: Profits
A3: 202601 | B3: =VLOOKUP($A3,'Projected vs. Actual'!$A$3:$K$14, 11, 0) -> 2903553
A4: 202602 | B4: =VLOOKUP($A4,'Projected vs. Actual'!$A$3:$K$14, 11, 0) -> 1074600.8
A5: 202603 | B5: =VLOOKUP($A5,'Projected vs. Actual'!$A$3:$K$14, 11, 0) -> 1162667.9
A6: 202604 | B6: =VLOOKUP($A6,'Projected vs. Actual'!$A$3:$K$14, 11, 0) -> 2458159.7
A7: 202605 | B7: =VLOOKUP($A7,'Projected vs. Actual'!$A$3:$K$14, 11, 0) -> -396932.35
A8: 202606 | B8: =VLOOKUP($A8,'Projected vs. Actual'!$A$3:$K$14, 11, 0) -> 219673.71
A9: 202607 | B9: =VLOOKUP($A9,'Projected vs. Actual'!$A$3:$K$14, 11, 0) -> 187416.68
A10: 202608 | B10: =VLOOKUP($A10,'Projected vs. Actual'!$A$3:$K$14, 11, 0) -> -1196512
A11: 202609 | B11: =VLOOKUP($A11,'Projected vs. Actual'!$A$3:$K$14, 11, 0) -> 333991.55
A12: 202610 | B12: =VLOOKUP($A12,'Projected vs. Actual'!$A$3:$K$14, 11, 0) -> 343588.9
A13: 202611 | B13: =VLOOKUP($A13,'Projected vs. Actual'!$A$3:$K$14, 11, 0) -> 3289950.8
A14: 202612 | B14: =VLOOKUP($A14,'Projected vs. Actual'!$A$3:$K$14, 11, 0) -> 1197967.7

Sheet Task 5 - Combination
A1: 2026 EXPENSES & LOSS RATIOS
A2: YYYYMM | B2: Expenses | C2: Loss Ratio
A3: 202601 | B3: =VLOOKUP($A3, 'Projected vs. Actual'!$A$3:$K$14, 10, 0) -> 1844995.4 | C3: =VLOOKUP($A3,'Projected vs. Actual'!$A$3:$K$14, 9, 0)/VLOOKUP($A3, 'Projected vs. Actual'!$A$3:$K$14, 8, 0) -> 0.81703609
A4: 202602 | B4: =VLOOKUP($A4, 'Projected vs. Actual'!$A$3:$K$14, 10, 0) -> 1938254.7 | C4: =VLOOKUP($A4,'Projected vs. Actual'!$A$3:$K$14, 9, 0)/VLOOKUP($A4, 'Projected vs. Actual'!$A$3:$K$14, 8, 0) -> 0.88512243
A5: 202603 | B5: =VLOOKUP($A5, 'Projected vs. Actual'!$A$3:$K$14, 10, 0) -> 1827881.9 | C5: =VLOOKUP($A5,'Projected vs. Actual'!$A$3:$K$14, 9, 0)/VLOOKUP($A5, 'Projected vs. Actual'!$A$3:$K$14, 8, 0) -> 0.88495718
A6: 202604 | B6: =VLOOKUP($A6, 'Projected vs. Actual'!$A$3:$K$14, 10, 0) -> 1903258.4 | C6: =VLOOKUP($A6,'Projected vs. Actual'!$A$3:$K$14, 9, 0)/VLOOKUP($A6, 'Projected vs. Actual'!$A$3:$K$14, 8, 0) -> 0.83230546
A7: 202605 | B7: =VLOOKUP($A7, 'Projected vs. Actual'!$A$3:$K$14, 10, 0) -> 1903643 | C7: =VLOOKUP($A7,'Projected vs. Actual'!$A$3:$K$14, 9, 0)/VLOOKUP($A7, 'Projected vs. Actual'!$A$3:$K$14, 8, 0) -> 0.9396968
A8: 202606 | B8: =VLOOKUP($A8, 'Projected vs. Actual'!$A$3:$K$14, 10, 0) -> 1999786.6 | C8: =VLOOKUP($A8,'Projected vs. Actual'!$A$3:$K$14, 9, 0)/VLOOKUP($A8, 'Projected vs. Actual'!$A$3:$K$14, 8, 0) -> 0.91205865
A9: 202607 | B9: =VLOOKUP($A9, 'Projected vs. Actual'!$A$3:$K$14, 10, 0) -> 1903258.4 | C9: =VLOOKUP($A9,'Projected vs. Actual'!$A$3:$K$14, 9, 0)/VLOOKUP($A9, 'Projected vs. Actual'!$A$3:$K$14, 8, 0) -> 0.92044222
A10: 202608 | B10: =VLOOKUP($A10, 'Projected vs. Actual'!$A$3:$K$14, 10, 0) -> 1980942.5 | C10: =VLOOKUP($A10,'Projected vs. Actual'!$A$3:$K$14, 9, 0)/VLOOKUP($A10, 'Projected vs. Actual'!$A$3:$K$14, 8, 0) -> 0.96888655
A11: 202609 | B11: =VLOOKUP($A11, 'Projected vs. Actual'!$A$3:$K$14, 10, 0) -> 1980557.9 | C11: =VLOOKUP($A11,'Projected vs. Actual'!$A$3:$K$14, 9, 0)/VLOOKUP($A11, 'Projected vs. Actual'!$A$3:$K$14, 8, 0) -> 0.91187064
A12: 202610 | B12: =VLOOKUP($A12, 'Projected vs. Actual'!$A$3:$K$14, 10, 0) -> 2079778.1 | C12: =VLOOKUP($A12,'Projected vs. Actual'!$A$3:$K$14, 9, 0)/VLOOKUP($A12, 'Projected vs. Actual'!$A$3:$K$14, 8, 0) -> 0.91132893
A13: 202611 | B13: =VLOOKUP($A13, 'Projected vs. Actual'!$A$3:$K$14, 10, 0) -> 1958444.9 | C13: =VLOOKUP($A13,'Projected vs. Actual'!$A$3:$K$14, 9, 0)/VLOOKUP($A13, 'Projected vs. Actual'!$A$3:$K$14, 8, 0) -> 0.81703609
A14: 202612 | B14: =VLOOKUP($A14, 'Projected vs. Actual'!$A$3:$K$14, 10, 0) -> 2099391.4 | C14: =VLOOKUP($A14,'Projected vs. Actual'!$A$3:$K$14, 9, 0)/VLOOKUP($A14, 'Projected vs. Actual'!$A$3:$K$14, 8, 0) -> 0.8850406

Sheet Base Data
A1: JANUARY FINANCIAL DATA
B2: Date | C2: Members | D2: Premiums | E2: Claims | F2: Expenses
B3: 46023 | D3: XXXXXX | E3: XXXXXX | F3: XXXXXX
B4: =B3+3 -> 46026 | D4: XXXXXX | E4: XXXXXX | F4: XXXXXX
B5: =B4+3 -> 46029 | D5: XXXXXX | E5: XXXXXX | F5: XXXXXX
B6: =B5+3 -> 46032 | D6: XXXXXX | E6: XXXXXX | F6: XXXXXX
B7: =B6+3 -> 46035 | D7: XXXXXX | E7: XXXXXX | F7: XXXXXX
B8: =B7+3 -> 46038 | D8: XXXXXX | E8: XXXXXX | F8: XXXXXX
B9: =B8+3 -> 46041 | D9: XXXXXX | E9: XXXXXX | F9: XXXXXX
B10: =B9+3 -> 46044 | D10: XXXXXX | E10: XXXXXX | F10: XXXXXX
B11: =B10+3 -> 46047 | D11: XXXXXX | E11: XXXXXX | F11: XXXXXX
B12: =B11+3 -> 46050 | D12: XXXXXX | E12: XXXXXX | F12: XXXXXX
B13: Totals | C13: =AVERAGE(#REF!)*RANDBETWEEN(95,105)/100*(1-(6-MONTH(B3))/100) -> #REF! | D13: =AVERAGE(#REF!)*RANDBETWEEN(95,105)/100*(1-(6-MONTH(B3))/100) -> #REF! | E13: =AVERAGE(#REF!)*RANDBETWEEN(95,105)/100*(1-(6-MONTH(B3))/100) -> #REF! | F13: =AVERAGE(#REF!)*RANDBETWEEN(95,105)/100*(1-(6-MONTH(B3))/100) -> #REF!
